{"cameraMode":{"drawMode":0,"name":"Shaded","section":"Shading Mode"},"sceneLighting":true,"audioPlay":false,"sceneViewState":{"m_AlwaysRefresh":false,"showFog":true,"showSkybox":true,"showFlares":true,"showImageEffects":true,"showParticleSystems":true,"showVisualEffectGraphs":true,"m_FxEnabled":true},"in2DMode":false,"pivot":{"x":39.54402160644531,"y":13.028932571411133,"z":9.247995376586914},"rotation":{"x":0.08643914759159088,"y":-0.10143895447254181,"z":0.008847729302942753,"w":0.9910452365875244},"size":19.724550247192384,"orthographic":false}